,sitename,site_ID,links
0,AK_Kenai_29_ENE,site_0,https://modis.ornl.gov/subsetdata/04Jan2021_14:27:34_809225945L60.72L-150.45S17L17_MCD15A3H_site_0/csv/12q1.csv
1,AL_Fairhope_3_NE,site_1,https://modis.ornl.gov/subsetdata/04Jan2021_14:27:48_511086691L30.55L-87.88S17L17_MCD15A3H_site_1/csv/12q1.csv
2,AL_Gadsden_19_N,site_2,https://modis.ornl.gov/subsetdata/04Jan2021_14:27:53_134693961L34.29L-85.96S17L17_MCD15A3H_site_2/csv/12q1.csv
3,AL_Selma_13_WNW,site_3,https://modis.ornl.gov/subsetdata/04Jan2021_14:27:57_810716675L32.46L-87.24S17L17_MCD15A3H_site_3/csv/12q1.csv
4,AR_Batesville_8_WNW,site_4,https://modis.ornl.gov/subsetdata/04Jan2021_14:28:05_756821982L35.82L-91.78S17L17_MCD15A3H_site_4/csv/12q1.csv
5,AZ_Elgin_5_S,site_5,https://modis.ornl.gov/subsetdata/04Jan2021_14:28:16_616822255L31.59L-110.51S17L17_MCD15A3H_site_5/csv/12q1.csv
6,AZ_Tucson_11_W,site_6,https://modis.ornl.gov/subsetdata/04Jan2021_14:28:23_105136629L32.24L-111.17S17L17_MCD15A3H_site_6/csv/12q1.csv
7,AZ_Williams_35_NNW,site_7,https://modis.ornl.gov/subsetdata/04Jan2021_14:28:27_711677783L35.76L-112.34S17L17_MCD15A3H_site_7/csv/12q1.csv
8,AZ_Yuma_27_ENE,site_8,https://modis.ornl.gov/subsetdata/04Jan2021_14:28:38_984211447L32.84L-114.19S17L17_MCD15A3H_site_8/csv/12q1.csv
9,CA_Bodega_6_WSW,site_9,https://modis.ornl.gov/subsetdata/04Jan2021_14:28:44_943945046L38.32L-123.07S17L17_MCD15A3H_site_9/csv/12q1.csv
10,CA_Fallbrook_5_NE,site_10,https://modis.ornl.gov/subsetdata/04Jan2021_14:28:56_242562356L33.44L-117.19S17L17_MCD15A3H_site_10/csv/12q1.csv
11,CA_Merced_23_WSW,site_11,https://modis.ornl.gov/subsetdata/04Jan2021_14:29:07_099588457L37.24L-120.88S17L17_MCD15A3H_site_11/csv/12q1.csv
12,CA_Redding_12_WNW,site_12,https://modis.ornl.gov/subsetdata/04Jan2021_14:29:18_192714738L40.65L-122.61S17L17_MCD15A3H_site_12/csv/12q1.csv
13,CA_Santa_Barbara_11_W,site_13,https://modis.ornl.gov/subsetdata/04Jan2021_14:29:23_092454812L34.41L-119.88S17L17_MCD15A3H_site_13/csv/12q1.csv
14,CA_Stovepipe_Wells_1_SW,site_14,https://modis.ornl.gov/subsetdata/04Jan2021_14:29:31_992310351L36.6L-117.14S17L17_MCD15A3H_site_14/csv/12q1.csv
15,CA_Yosemite_Village_12_W,site_15,https://modis.ornl.gov/subsetdata/04Jan2021_14:29:43_576453526L37.76L-119.82S17L17_MCD15A3H_site_15/csv/12q1.csv
16,CO_Boulder_14_W,site_16,https://modis.ornl.gov/subsetdata/04Jan2021_14:29:57_889139468L40.04L-105.54S17L17_MCD15A3H_site_16/csv/12q1.csv
17,CO_Cortez_8_SE,site_17,https://modis.ornl.gov/subsetdata/04Jan2021_14:30:09_379511096L37.26L-108.5S17L17_MCD15A3H_site_17/csv/12q1.csv
18,CO_Dinosaur_2_E,site_18,https://modis.ornl.gov/subsetdata/04Jan2021_14:30:14_560452285L40.24L-108.97S17L17_MCD15A3H_site_18/csv/12q1.csv
19,CO_La_Junta_17_WSW,site_19,https://modis.ornl.gov/subsetdata/04Jan2021_14:30:19_132555190L37.86L-103.82S17L17_MCD15A3H_site_19/csv/12q1.csv
20,CO_Montrose_11_ENE,site_20,https://modis.ornl.gov/subsetdata/04Jan2021_14:30:27_944919222L38.54L-107.69S17L17_MCD15A3H_site_20/csv/12q1.csv
21,CO_Nunn_7_NNE,site_21,https://modis.ornl.gov/subsetdata/04Jan2021_14:30:39_225317797L40.81L-104.76S17L17_MCD15A3H_site_21/csv/12q1.csv
22,FL_Everglades_City_5_NE,site_22,https://modis.ornl.gov/subsetdata/04Jan2021_14:30:54_453329099L25.9L-81.32S17L17_MCD15A3H_site_22/csv/12q1.csv
23,FL_Sebring_23_SSE,site_23,https://modis.ornl.gov/subsetdata/04Jan2021_14:31:02_864319200L27.15L-81.37S17L17_MCD15A3H_site_23/csv/12q1.csv
24,FL_Titusville_7_E,site_24,https://modis.ornl.gov/subsetdata/04Jan2021_14:31:15_795553036L28.62L-80.69S17L17_MCD15A3H_site_24/csv/12q1.csv
25,GA_Brunswick_23_S,site_25,https://modis.ornl.gov/subsetdata/04Jan2021_14:31:27_102793992L30.81L-81.46S17L17_MCD15A3H_site_25/csv/12q1.csv
26,GA_Newton_11_SW,site_26,https://modis.ornl.gov/subsetdata/04Jan2021_14:31:36_149216880L31.19L-84.45S17L17_MCD15A3H_site_26/csv/12q1.csv
27,GA_Newton_8_W,site_27,https://modis.ornl.gov/subsetdata/04Jan2021_14:31:45_694434789L31.31L-84.47S17L17_MCD15A3H_site_27/csv/12q1.csv
28,GA_Watkinsville_5_SSE,site_28,https://modis.ornl.gov/subsetdata/04Jan2021_14:31:50_670006455L33.78L-83.39S17L17_MCD15A3H_site_28/csv/12q1.csv
29,IA_Des_Moines_17_E,site_29,https://modis.ornl.gov/subsetdata/04Jan2021_14:32:07_150950599L41.56L-93.29S17L17_MCD15A3H_site_29/csv/12q1.csv
30,ID_Arco_17_SW,site_30,https://modis.ornl.gov/subsetdata/04Jan2021_14:32:11_270848538L43.46L-113.56S17L17_MCD15A3H_site_30/csv/12q1.csv
31,ID_Murphy_10_W,site_31,https://modis.ornl.gov/subsetdata/04Jan2021_14:32:17_149799098L43.2L-116.75S17L17_MCD15A3H_site_31/csv/12q1.csv
32,IL_Champaign_9_SW,site_32,https://modis.ornl.gov/subsetdata/04Jan2021_14:32:22_908632940L40.05L-88.37S17L17_MCD15A3H_site_32/csv/12q1.csv
33,IL_Shabbona_5_NNE,site_33,https://modis.ornl.gov/subsetdata/04Jan2021_14:32:31_410425455L41.84L-88.85S17L17_MCD15A3H_site_33/csv/12q1.csv
34,IN_Bedford_5_WNW,site_34,https://modis.ornl.gov/subsetdata/04Jan2021_14:32:40_432180161L38.89L-86.57S17L17_MCD15A3H_site_34/csv/12q1.csv
35,KS_Manhattan_6_SSW,site_35,https://modis.ornl.gov/subsetdata/04Jan2021_14:32:53_784816950L39.1L-96.61S17L17_MCD15A3H_site_35/csv/12q1.csv
36,KS_Oakley_19_SSW,site_36,https://modis.ornl.gov/subsetdata/04Jan2021_14:32:59_100667711L38.87L-100.96S17L17_MCD15A3H_site_36/csv/12q1.csv
37,KY_Bowling_Green_21_NNE,site_37,https://modis.ornl.gov/subsetdata/04Jan2021_14:33:10_888531096L37.25L-86.23S17L17_MCD15A3H_site_37/csv/12q1.csv
38,KY_Versailles_3_NNW,site_38,https://modis.ornl.gov/subsetdata/04Jan2021_14:33:24_118977501L38.09L-84.75S17L17_MCD15A3H_site_38/csv/12q1.csv
39,LA_Lafayette_13_SE,site_39,https://modis.ornl.gov/subsetdata/04Jan2021_14:33:30_978665408L30.09L-91.87S17L17_MCD15A3H_site_39/csv/12q1.csv
40,LA_Monroe_26_N,site_40,https://modis.ornl.gov/subsetdata/04Jan2021_14:33:38_042643513L32.88L-92.12S17L17_MCD15A3H_site_40/csv/12q1.csv
41,ME_Limestone_4_NNW,site_41,https://modis.ornl.gov/subsetdata/04Jan2021_14:33:54_781483344L46.96L-67.88S17L17_MCD15A3H_site_41/csv/12q1.csv
42,ME_Old_Town_2_W,site_42,https://modis.ornl.gov/subsetdata/04Jan2021_14:34:03_578584885L44.93L-68.7S17L17_MCD15A3H_site_42/csv/12q1.csv
43,MI_Chatham_1_SE,site_43,https://modis.ornl.gov/subsetdata/04Jan2021_14:34:13_093902208L46.33L-86.92S17L17_MCD15A3H_site_43/csv/12q1.csv
44,MI_Gaylord_9_SSW,site_44,https://modis.ornl.gov/subsetdata/04Jan2021_14:34:24_401863274L44.91L-84.72S17L17_MCD15A3H_site_44/csv/12q1.csv
45,MN_Goodridge_12_NNW,site_45,https://modis.ornl.gov/subsetdata/04Jan2021_14:34:30_468676354L48.31L-95.87S17L17_MCD15A3H_site_45/csv/12q1.csv
46,MN_Sandstone_6_W,site_46,https://modis.ornl.gov/subsetdata/04Jan2021_14:34:42_020682565L46.11L-92.99S17L17_MCD15A3H_site_46/csv/12q1.csv
47,MO_Chillicothe_22_ENE,site_47,https://modis.ornl.gov/subsetdata/04Jan2021_14:34:54_528014148L39.87L-93.15S17L17_MCD15A3H_site_47/csv/12q1.csv
48,MO_Joplin_24_N,site_48,https://modis.ornl.gov/subsetdata/04Jan2021_14:35:01_156584175L37.43L-94.58S17L17_MCD15A3H_site_48/csv/12q1.csv
49,MO_Salem_10_W,site_49,https://modis.ornl.gov/subsetdata/04Jan2021_14:35:07_741457764L37.63L-91.72S17L17_MCD15A3H_site_49/csv/12q1.csv
50,MS_Holly_Springs_4_N,site_50,https://modis.ornl.gov/subsetdata/04Jan2021_14:35:15_947072115L34.82L-89.43S17L17_MCD15A3H_site_50/csv/12q1.csv
51,MS_Newton_5_ENE,site_51,https://modis.ornl.gov/subsetdata/04Jan2021_14:35:28_499976021L32.34L-89.07S17L17_MCD15A3H_site_51/csv/12q1.csv
52,MT_Dillon_18_WSW,site_52,https://modis.ornl.gov/subsetdata/04Jan2021_14:35:40_068153269L45.16L-113.01S17L17_MCD15A3H_site_52/csv/12q1.csv
53,MT_Lewistown_42_WSW,site_53,https://modis.ornl.gov/subsetdata/04Jan2021_14:35:50_628559578L46.88L-110.29S17L17_MCD15A3H_site_53/csv/12q1.csv
54,MT_St._Mary_1_SSW,site_54,https://modis.ornl.gov/subsetdata/04Jan2021_14:36:01_039267102L48.74L-113.43S17L17_MCD15A3H_site_54/csv/12q1.csv
55,MT_Wolf_Point_29_ENE,site_55,https://modis.ornl.gov/subsetdata/04Jan2021_14:36:07_580250215L48.31L-105.1S17L17_MCD15A3H_site_55/csv/12q1.csv
56,MT_Wolf_Point_34_NE,site_56,https://modis.ornl.gov/subsetdata/04Jan2021_14:36:13_303486550L48.49L-105.21S17L17_MCD15A3H_site_56/csv/12q1.csv
57,NC_Asheville_13_S,site_57,https://modis.ornl.gov/subsetdata/04Jan2021_14:36:26_236728786L35.42L-82.56S17L17_MCD15A3H_site_57/csv/12q1.csv
58,NC_Asheville_8_SSW,site_58,https://modis.ornl.gov/subsetdata/04Jan2021_14:36:36_358292683L35.49L-82.61S17L17_MCD15A3H_site_58/csv/12q1.csv
59,NC_Durham_11_W,site_59,https://modis.ornl.gov/subsetdata/04Jan2021_14:36:46_635914298L35.97L-79.09S17L17_MCD15A3H_site_59/csv/12q1.csv
60,ND_Jamestown_38_WSW,site_60,https://modis.ornl.gov/subsetdata/04Jan2021_14:36:51_707298407L46.77L-99.48S17L17_MCD15A3H_site_60/csv/12q1.csv
61,ND_Medora_7_E,site_61,https://modis.ornl.gov/subsetdata/04Jan2021_14:36:57_325537817L46.89L-103.38S17L17_MCD15A3H_site_61/csv/12q1.csv
62,ND_Northgate_5_ESE,site_62,https://modis.ornl.gov/subsetdata/04Jan2021_14:37:04_887122011L48.97L-102.17S17L17_MCD15A3H_site_62/csv/12q1.csv
63,NE_Harrison_20_SSE,site_63,https://modis.ornl.gov/subsetdata/04Jan2021_14:37:13_939140570L42.42L-103.74S17L17_MCD15A3H_site_63/csv/12q1.csv
64,NE_Lincoln_11_SW,site_64,https://modis.ornl.gov/subsetdata/04Jan2021_14:37:20_023222849L40.7L-96.85S17L17_MCD15A3H_site_64/csv/12q1.csv
65,NE_Lincoln_8_ENE,site_65,https://modis.ornl.gov/subsetdata/04Jan2021_14:37:29_712417209L40.85L-96.57S17L17_MCD15A3H_site_65/csv/12q1.csv
66,NE_Whitman_5_ENE,site_66,https://modis.ornl.gov/subsetdata/04Jan2021_14:37:35_469132415L42.07L-101.44S17L17_MCD15A3H_site_66/csv/12q1.csv
67,NH_Durham_2_N,site_67,https://modis.ornl.gov/subsetdata/04Jan2021_14:37:49_100880888L43.17L-70.93S17L17_MCD15A3H_site_67/csv/12q1.csv
68,NH_Durham_2_SSW,site_68,https://modis.ornl.gov/subsetdata/04Jan2021_14:37:58_346434860L43.11L-70.95S17L17_MCD15A3H_site_68/csv/12q1.csv
69,NM_Las_Cruces_20_N,site_69,https://modis.ornl.gov/subsetdata/04Jan2021_14:38:10_142532492L32.61L-106.74S17L17_MCD15A3H_site_69/csv/12q1.csv
70,NM_Los_Alamos_13_W,site_70,https://modis.ornl.gov/subsetdata/04Jan2021_14:38:18_715265040L35.86L-106.52S17L17_MCD15A3H_site_70/csv/12q1.csv
71,NM_Socorro_20_N,site_71,https://modis.ornl.gov/subsetdata/04Jan2021_14:38:26_194410150L34.36L-106.89S17L17_MCD15A3H_site_71/csv/12q1.csv
72,NV_Baker_5_W,site_72,https://modis.ornl.gov/subsetdata/04Jan2021_14:38:34_887635754L39.01L-114.21S17L17_MCD15A3H_site_72/csv/12q1.csv
73,NV_Denio_52_WSW,site_73,https://modis.ornl.gov/subsetdata/04Jan2021_14:38:46_558364068L41.85L-119.64S17L17_MCD15A3H_site_73/csv/12q1.csv
74,NV_Mercury_3_SSW,site_74,https://modis.ornl.gov/subsetdata/04Jan2021_14:38:57_688808616L36.62L-116.02S17L17_MCD15A3H_site_74/csv/12q1.csv
75,NY_Ithaca_13_E,site_75,https://modis.ornl.gov/subsetdata/04Jan2021_14:39:04_009927523L42.44L-76.25S17L17_MCD15A3H_site_75/csv/12q1.csv
76,NY_Millbrook_3_W,site_76,https://modis.ornl.gov/subsetdata/04Jan2021_14:39:08_603841339L41.79L-73.74S17L17_MCD15A3H_site_76/csv/12q1.csv
77,OH_Coshocton_8_NNE,site_77,https://modis.ornl.gov/subsetdata/04Jan2021_14:39:20_419745015L40.37L-81.78S17L17_MCD15A3H_site_77/csv/12q1.csv
78,OH_Wooster_3_SSE,site_78,https://modis.ornl.gov/subsetdata/04Jan2021_14:39:27_613585997L40.76L-81.91S17L17_MCD15A3H_site_78/csv/12q1.csv
79,OK_Goodwell_2_E,site_79,https://modis.ornl.gov/subsetdata/04Jan2021_14:39:36_907921670L36.6L-101.59S17L17_MCD15A3H_site_79/csv/12q1.csv
80,OK_Goodwell_2_SE,site_80,https://modis.ornl.gov/subsetdata/04Jan2021_14:39:45_335689982L36.57L-101.61S17L17_MCD15A3H_site_80/csv/12q1.csv
81,OK_Stillwater_2_W,site_81,https://modis.ornl.gov/subsetdata/04Jan2021_14:39:54_452013136L36.12L-97.09S17L17_MCD15A3H_site_81/csv/12q1.csv
82,OK_Stillwater_5_WNW,site_82,https://modis.ornl.gov/subsetdata/04Jan2021_14:40:07_043414377L36.13L-97.11S17L17_MCD15A3H_site_82/csv/12q1.csv
83,OR_Coos_Bay_8_SW,site_83,https://modis.ornl.gov/subsetdata/04Jan2021_14:40:14_785953838L43.27L-124.32S17L17_MCD15A3H_site_83/csv/12q1.csv
84,OR_Corvallis_10_SSW,site_84,https://modis.ornl.gov/subsetdata/04Jan2021_14:40:20_412736017L44.42L-123.33S17L17_MCD15A3H_site_84/csv/12q1.csv
85,OR_John_Day_35_WNW,site_85,https://modis.ornl.gov/subsetdata/04Jan2021_14:40:26_962481020L44.56L-119.65S17L17_MCD15A3H_site_85/csv/12q1.csv
86,OR_Riley_10_WSW,site_86,https://modis.ornl.gov/subsetdata/04Jan2021_14:40:38_198954057L43.47L-119.69S17L17_MCD15A3H_site_86/csv/12q1.csv
87,PA_Avondale_2_N,site_87,https://modis.ornl.gov/subsetdata/04Jan2021_14:40:54_283969585L39.86L-75.79S17L17_MCD15A3H_site_87/csv/12q1.csv
88,RI_Kingston_1_NW,site_88,https://modis.ornl.gov/subsetdata/04Jan2021_14:41:04_404713003L41.49L-71.54S17L17_MCD15A3H_site_88/csv/12q1.csv
89,RI_Kingston_1_W,site_89,https://modis.ornl.gov/subsetdata/04Jan2021_14:41:13_418861121L41.48L-71.54S17L17_MCD15A3H_site_89/csv/12q1.csv
90,SC_Blackville_3_W,site_90,https://modis.ornl.gov/subsetdata/04Jan2021_14:41:19_924698378L33.36L-81.33S17L17_MCD15A3H_site_90/csv/12q1.csv
91,SC_McClellanville_7_NE,site_91,https://modis.ornl.gov/subsetdata/04Jan2021_14:41:28_935660191L33.15L-79.36S17L17_MCD15A3H_site_91/csv/12q1.csv
92,SD_Aberdeen_35_WNW,site_92,https://modis.ornl.gov/subsetdata/04Jan2021_14:41:40_934014590L45.71L-99.13S17L17_MCD15A3H_site_92/csv/12q1.csv
93,SD_Buffalo_13_ESE,site_93,https://modis.ornl.gov/subsetdata/04Jan2021_14:41:51_565843480L45.52L-103.3S17L17_MCD15A3H_site_93/csv/12q1.csv
94,SD_Pierre_24_S,site_94,https://modis.ornl.gov/subsetdata/04Jan2021_14:41:56_097574257L44.02L-100.35S17L17_MCD15A3H_site_94/csv/12q1.csv
95,SD_Sioux_Falls_14_NNE,site_95,https://modis.ornl.gov/subsetdata/04Jan2021_14:42:09_535867651L43.73L-96.62S17L17_MCD15A3H_site_95/csv/12q1.csv
96,TN_Crossville_7_NW,site_96,https://modis.ornl.gov/subsetdata/04Jan2021_14:42:16_446560332L36.01L-85.13S17L17_MCD15A3H_site_96/csv/12q1.csv
97,TX_Austin_33_NW,site_97,https://modis.ornl.gov/subsetdata/04Jan2021_14:42:20_737659109L30.62L-98.08S17L17_MCD15A3H_site_97/csv/12q1.csv
98,TX_Bronte_11_NNE,site_98,https://modis.ornl.gov/subsetdata/04Jan2021_14:42:32_073353712L32.04L-100.25S17L17_MCD15A3H_site_98/csv/12q1.csv
99,TX_Edinburg_17_NNE,site_99,https://modis.ornl.gov/subsetdata/04Jan2021_14:42:45_741520267L26.53L-98.06S17L17_MCD15A3H_site_99/csv/12q1.csv
100,TX_Monahans_6_ENE,site_100,https://modis.ornl.gov/subsetdata/04Jan2021_14:42:52_670420743L31.62L-102.81S17L17_MCD15A3H_site_100/csv/12q1.csv
101,TX_Muleshoe_19_S,site_101,https://modis.ornl.gov/subsetdata/04Jan2021_14:42:59_242008952L33.96L-102.77S17L17_MCD15A3H_site_101/csv/12q1.csv
102,TX_Palestine_6_WNW,site_102,https://modis.ornl.gov/subsetdata/04Jan2021_14:43:09_095935364L31.78L-95.72S17L17_MCD15A3H_site_102/csv/12q1.csv
103,TX_Panther_Junction_2_N,site_103,https://modis.ornl.gov/subsetdata/04Jan2021_14:43:21_058744932L29.35L-103.21S17L17_MCD15A3H_site_103/csv/12q1.csv
104,TX_Port_Aransas_32_NNE,site_104,https://modis.ornl.gov/subsetdata/04Jan2021_14:43:29_381500625L28.3L-96.82S17L17_MCD15A3H_site_104/csv/12q1.csv
105,UT_Brigham_City_28_WNW,site_105,https://modis.ornl.gov/subsetdata/04Jan2021_14:43:36_827496198L41.62L-112.54S17L17_MCD15A3H_site_105/csv/12q1.csv
106,VA_Cape_Charles_5_ENE,site_106,https://modis.ornl.gov/subsetdata/04Jan2021_14:43:49_307417437L37.29L-75.93S17L17_MCD15A3H_site_106/csv/12q1.csv
107,VA_Charlottesville_2_SSE,site_107,https://modis.ornl.gov/subsetdata/04Jan2021_14:44:01_927301913L38.0L-78.47S17L17_MCD15A3H_site_107/csv/12q1.csv
108,WA_Darrington_21_NNE,site_108,https://modis.ornl.gov/subsetdata/04Jan2021_14:44:09_838082440L48.54L-121.45S17L17_MCD15A3H_site_108/csv/12q1.csv
109,WA_Quinault_4_NE,site_109,https://modis.ornl.gov/subsetdata/04Jan2021_14:44:19_474164524L47.51L-123.81S17L17_MCD15A3H_site_109/csv/12q1.csv
110,WA_Spokane_17_SSW,site_110,https://modis.ornl.gov/subsetdata/04Jan2021_14:44:28_688066262L47.42L-117.53S17L17_MCD15A3H_site_110/csv/12q1.csv
111,WI_Necedah_5_WNW,site_111,https://modis.ornl.gov/subsetdata/04Jan2021_14:44:36_814132865L44.06L-90.17S17L17_MCD15A3H_site_111/csv/12q1.csv
112,WV_Elkins_21_ENE,site_112,https://modis.ornl.gov/subsetdata/04Jan2021_14:44:46_532032861L39.01L-79.47S17L17_MCD15A3H_site_112/csv/12q1.csv
113,WY_Lander_11_SSE,site_113,https://modis.ornl.gov/subsetdata/04Jan2021_14:44:54_316794563L42.68L-108.67S17L17_MCD15A3H_site_113/csv/12q1.csv
114,WY_Moose_1_NNE,site_114,https://modis.ornl.gov/subsetdata/04Jan2021_14:45:06_563224354L43.66L-110.71S17L17_MCD15A3H_site_114/csv/12q1.csv
115,WY_Sundance_8_NNW,site_115,https://modis.ornl.gov/subsetdata/04Jan2021_14:45:11_676263633L44.52L-104.44S17L17_MCD15A3H_site_115/csv/12q1.csv
